{
    "images": [
        {
            "extent": "full-screen",
            "idiom": "iphone",
            "subtype": "2688h",
            "filename": "Default-2688h.png",
            "minimum-system-version": "12.0",
            "orientation": "portrait",
            "scale": "3x"
        },
        {
            "extent": "full-screen",
            "idiom": "iphone",
            "subtype": "1792h",
            "filename": "Default-1792h.png",
            "minimum-system-version": "12.0",
            "orientation": "portrait",
            "scale": "2x"
        },
        {
            "extent": "full-screen",
            "idiom": "iphone",
            "subtype": "2436h",
            "filename": "Default-2436h.png",
            "minimum-system-version": "11.0",
            "orientation": "portrait",
            "scale": "3x"
        },
        {
            "extent": "full-screen",
            "idiom": "iphone",
            "subtype": "736h",
            "filename": "Default-736h.png",
            "minimum-system-version": "8.0",
            "orientation": "portrait",
            "scale": "3x"
        },
        {
            "extent": "full-screen",
            "idiom": "iphone",
            "subtype": "667h",
            "filename": "Default-667h.png",
            "minimum-system-version": "8.0",
            "orientation": "portrait",
            "scale": "2x"
        },
        {
            "orientation": "portrait",
            "idiom": "iphone",
            "filename": "Default@2x~iphone.png",
            "extent": "full-screen",
            "minimum-system-version": "7.0",
            "scale": "2x"
        },
        {
            "extent": "full-screen",
            "idiom": "iphone",
            "subtype": "retina4",
            "filename": "Default-568h@2x~iphone.png",
            "minimum-system-version": "7.0",
            "orientation": "portrait",
            "scale": "2x"
        },
        {
            "orientation": "portrait",
            "idiom": "ipad",
            "filename": "Default-Portrait~ipad.png",
            "extent": "full-screen",
            "minimum-system-version": "7.0",
            "scale": "1x"
        },
        {
            "orientation": "portrait",
            "idiom": "ipad",
            "filename": "Default-Portrait@2x~ipad.png",
            "extent": "full-screen",
            "minimum-system-version": "7.0",
            "scale": "2x"
        },
        {
            "orientation": "portrait",
            "idiom": "iphone",
            "filename": "Default~iphone.png",
            "extent": "full-screen",
            "scale": "1x"
        },
        {
            "orientation": "portrait",
            "idiom": "iphone",
            "filename": "Default@2x~iphone.png",
            "extent": "full-screen",
            "scale": "2x"
        },
        {
            "orientation": "portrait",
            "idiom": "iphone",
            "filename": "Default-568h@2x~iphone.png",
            "extent": "full-screen",
            "subtype": "retina4",
            "scale": "2x"
        },
        {
            "orientation": "portrait",
            "idiom": "ipad",
            "filename": "Default-No-StatusBar~ipad.png",
            "extent": "to-status-bar",
            "scale": "1x"
        },
        {
            "orientation": "portrait",
            "idiom": "ipad",
            "filename": "Default-Portrait~ipad.png",
            "extent": "full-screen",
            "scale": "1x"
        },
        {
            "orientation": "portrait",
            "idiom": "ipad",
            "filename": "Default-No-StatusBar@2x~ipad.png",
            "extent": "to-status-bar",
            "scale": "2x"
        },
        {
            "orientation": "portrait",
            "idiom": "ipad",
            "filename": "Default-Portrait@2x~ipad.png",
            "extent": "full-screen",
            "scale": "2x"
        }
    ],
    "info": {
        "version": 1,
        "author": "https://eeui.app"
    }
}